"","classification"
"1","Acceptable"
"2","Acceptable"
"3","Acceptable"
"4","Outstanding"
"5","Adequate"
"6","Limited"
"7","Good"
"8","Adequate"
"9","Good"
"10","Excellent"
"11","Good"
"12","Limited"
"13","Acceptable"
"14","Good"
"15","Excellent"
"16","Good"
"17","Good"
"18","Good"
"19","Limited"
"20","Outstanding"
"21","Good"
"22","Acceptable"
"23","Limited"
"24","Good"
"25","Good"
"26","Limited"
"27","Good"
"28","Excellent"
"29","Acceptable"
"30","Outstanding"
"31","Good"
"32","Acceptable"
"33","Good"
"34","Outstanding"
"35","Limited"
"36","Good"
"37","Limited"
"38","Excellent"
"39","Good"
"40","Excellent"
"41","Outstanding"
"42","Acceptable"
"43","Limited"
"44","Limited"
"45","Good"
"46","Acceptable"
